Ci7380,Shubham,Patil,shubhams.patil@cloverinfotech.com,23
Ci7373,Suranjan,mahshilkar,suru@cloverinfotech.com,22
CI7375,Rajat,thakur,rajat.thakur@cloverinfotech.com,23
CI7376,Aakash,tare,aakash.tare@cloverinfotech.com,24
CI7455,Bashir,Khan,bashir.khan@cloverinfotech.com,24
Ci7333,Kiran,Mohite,kiran.mohute@cloverinfotech.com,23
CI7676,vipul,chaudhary,vipul.chaudhary@cloverinfotech.com,23
CI7369,Sagar,kulkarni,sagar.kulkarni@cloverinfotech.com,24